{"val_loss":0.3585768256868635,"epoch":1499,"_timestamp":1.7389926378604765e+09,"_runtime":2126.136171823,"_step":1499,"train_loss":0.12196060499319664,"_wandb":{"runtime":2126}}