{"_wandb":{"runtime":2088},"epoch":1499,"_timestamp":1.7389926273768647e+09,"_runtime":2088.02148034,"_step":1499,"train_loss":0.21205889261685884,"val_loss":0.3413433390004294}