{"train_loss":0.2555544549226761,"val_loss":0.3242229861872537,"epoch":1499,"_timestamp":1.7389930922017477e+09,"_runtime":2580.249931669,"_step":1499,"_wandb":{"runtime":2580}}