{"epoch":1499,"_timestamp":1.738969046408477e+09,"_wandb":{"runtime":304},"_runtime":304.569821831,"_step":1499,"train_loss":0.42558430708371675,"val_loss":0.419169293982642}