{"_timestamp":1.7389927522548065e+09,"_runtime":2240.544915155,"_step":1499,"_wandb":{"runtime":2240},"train_loss":0.11443649404324018,"val_loss":0.4639253999505724,"epoch":1499}