{"_runtime":2439.375091397,"_step":1499,"train_loss":0.2505937159061432,"_wandb":{"runtime":2439},"val_loss":0.40759498306683134,"epoch":1499,"_timestamp":1.738992973807353e+09}