{"_wandb":{"runtime":348},"_runtime":348.530983077,"_step":1499,"train_loss":0.42533406156759995,"val_loss":0.42150249651500155,"epoch":1499,"_timestamp":1.7389682807374074e+09}