{"_step":1499,"_timestamp":1.739002924412314e+09,"train_loss":0.24895430757449225,"val_loss":0.36109805532864164,"epoch":1499,"_runtime":3317.13567196,"_wandb":{"runtime":3317},"current_lr":0.0001,"grad_norm":0.24542983203404545,"update_norm":0}