{"update_norm":0,"_wandb":{"runtime":3605},"val_loss":0.6873745066779,"epoch":1499,"train_loss":0.4931206524372101,"_timestamp":1.7390028442975767e+09,"grad_norm":0.47089656125454266,"_runtime":3605.406099612,"current_lr":1.0000000000000004e-08,"_step":1499}