{"_step":1499,"train_loss":0.2861043047904968,"val_loss":0.3419435407434191,"epoch":1499,"_timestamp":1.7389931280494428e+09,"_runtime":2594.905678945,"_wandb":{"runtime":2594}}