{"train_loss":0.2510444533366423,"val_loss":0.32522203241075787,"epoch":1499,"_timestamp":1.7389926190885499e+09,"_runtime":2107.368953556,"_wandb":{"runtime":2107},"_step":1499}