{"_step":1499,"train_loss":0.3725443551173577,"val_loss":0.39816406794956755,"epoch":1499,"update_norm":0,"grad_norm":0.2249442449136067,"_runtime":2966.552154521,"_timestamp":1.7390025739983609e+09,"current_lr":0.0001,"_wandb":{"runtime":2966}}