{"_step":1499,"_wandb":{"runtime":427},"train_loss":0.42710236402658314,"val_loss":0.4168777082647596,"epoch":1499,"_timestamp":1.7389683591002555e+09,"_runtime":427.071613734}