{"train_loss":0.46664634576210606,"_runtime":3193.96663903,"_step":1499,"update_norm":0,"current_lr":1.0000000000000004e-08,"_wandb":{"runtime":3193},"epoch":1499,"grad_norm":0.14379469568327627,"val_loss":0.47179137808935984,"_timestamp":1.739002429488629e+09}