{"_runtime":307.793501404,"_step":1499,"train_loss":0.11983605130360676,"val_loss":0.37514755555561613,"epoch":1499,"_timestamp":1.7389649644775357e+09,"_wandb":{"runtime":307}}