{"_runtime":2428.605706582,"_wandb":{"runtime":2428},"_step":1499,"train_loss":0.24958087980747223,"val_loss":0.37159852044922964,"epoch":1499,"_timestamp":1.7389929630379505e+09}