{"epoch":1499,"_timestamp":1.738969061593226e+09,"_runtime":320.135590449,"_step":1499,"train_loss":0.42512195156170773,"val_loss":0.41088487420763287,"_wandb":{"runtime":320}}