{"train_loss":0.3061059802770615,"val_loss":0.33847181286130634,"epoch":1499,"_timestamp":1.7389934877324104e+09,"_runtime":2952.948929543,"_step":1499,"_wandb":{"runtime":2952}}