{"epoch":1499,"update_norm":0,"grad_norm":0.7161114768979939,"train_loss":0.5070491341444162,"_runtime":3135.804690602,"_wandb":{"runtime":3135},"val_loss":0.7354417102677482,"_step":1499,"current_lr":1.0000000000000004e-08,"_timestamp":1.7390023726139183e+09}