{"val_loss":0.3542134761810303,"epoch":1499,"_timestamp":1.7389647720875006e+09,"_runtime":414.388228292,"_step":1499,"_wandb":{"runtime":414},"train_loss":0.30631635189056394}