{"_step":1499,"_wandb":{"runtime":2235},"train_loss":0.3308293911126944,"val_loss":0.35234650543757845,"epoch":1499,"_timestamp":1.73899277461143e+09,"_runtime":2235.258930028}