{"_timestamp":1.7389926387599108e+09,"_runtime":2127.04562805,"_step":1499,"_wandb":{"runtime":2127},"train_loss":0.172927588224411,"val_loss":0.3346407285758427,"epoch":1499}