{"_step":1499,"_wandb":{"runtime":2608},"train_loss":0.10066931175999344,"val_loss":0.40873043877737864,"epoch":1499,"_timestamp":1.7389685889594896e+09,"_runtime":2608.485166613}