{"epoch":1499,"_timestamp":1.738993088058895e+09,"_runtime":2549.861922956,"_step":1499,"_wandb":{"runtime":2549},"train_loss":0.4736082196235657,"val_loss":0.46288266352244783}