{"_step":1499,"train_loss":0.42265791159409744,"val_loss":0.4331960082054138,"epoch":1499,"_timestamp":1.73896832879229e+09,"_runtime":396.79933499,"_wandb":{"runtime":396}}