{"epoch":1499,"_timestamp":1.738993989821132e+09,"_runtime":3455.037692958,"_step":1499,"train_loss":0.44623504638671874,"val_loss":0.44325234634535654,"_wandb":{"runtime":3455}}