{"_wandb":{"runtime":2343},"train_loss":0.298193724155426,"val_loss":0.3518759991441454,"epoch":1499,"_timestamp":1.7389928803080518e+09,"_runtime":2342.999567011,"_step":1499}