{"_step":1499,"train_loss":0.3076077651977539,"val_loss":0.3433490352971213,"epoch":1499,"_timestamp":1.73899274499366e+09,"_runtime":2205.631903076,"_wandb":{"runtime":2205}}