{"_step":1499,"_wandb":{"runtime":2614},"train_loss":0.3302515205182135,"val_loss":0.39924128566469463,"epoch":1499,"_timestamp":1.738968655517287e+09,"_runtime":2614.708612448}