{"_step":1499,"_wandb":{"runtime":2204},"train_loss":0.3333318760761848,"val_loss":0.34831867047718595,"epoch":1499,"_timestamp":1.7389927437084928e+09,"_runtime":2204.305901322}