{"train_loss":0.30912787868426395,"val_loss":0.34618811096463886,"epoch":1499,"_timestamp":1.7389926720574298e+09,"_runtime":2134.757873728,"_step":1499,"_wandb":{"runtime":2134}}