{"_timestamp":1.738993065005205e+09,"_runtime":2531.188145334,"_step":1499,"train_loss":0.42337162494659425,"val_loss":0.42747191871915546,"epoch":1499,"_wandb":{"runtime":2531}}