{"val_loss":0.3703733171735491,"epoch":1499,"_timestamp":1.7389934876795104e+09,"_runtime":2952.896040873,"_step":1499,"train_loss":0.2927852112054825,"_wandb":{"runtime":2952}}