{"train_loss":0.4253001098449414,"val_loss":0.42068153619766235,"epoch":1499,"_timestamp":1.7389683207091398e+09,"_runtime":388.49907941,"_step":1499,"_wandb":{"runtime":388}}