{"_runtime":3506.691960298,"_step":1499,"_wandb":{"runtime":3506},"train_loss":0.1342484787106514,"val_loss":0.4975214047091348,"epoch":1499,"_timestamp":1.738994018672698e+09}