{"grad_norm":0.28094682824864353,"train_loss":0.4729420359318073,"epoch":1499,"update_norm":0,"current_lr":1.0000000000000004e-08,"_timestamp":1.739002415599519e+09,"val_loss":0.5346925726958683,"_runtime":3177.481288123,"_wandb":{"runtime":3177},"_step":1499}