{"epoch":27,"_wandb":{"runtime":222},"_timestamp":1.7389632200025399e+09,"_runtime":218.047662527,"_step":27,"train_loss":0.39197417844086885,"val_loss":0.40537479519844055}