{"val_loss":0.4110074554170881,"epoch":1499,"_timestamp":1.738968381034111e+09,"_runtime":448.985133146,"_step":1499,"train_loss":0.42483026477006763,"_wandb":{"runtime":448}}