{"epoch":1499,"_timestamp":1.7389927056482713e+09,"_runtime":2166.293124893,"_step":1499,"_wandb":{"runtime":2166},"train_loss":0.22329664001098046,"val_loss":0.36036689792360577}