{"_wandb":{"runtime":2248},"train_loss":0.2564708286523819,"val_loss":0.3214816280773708,"epoch":1499,"_timestamp":1.738992759741184e+09,"_runtime":2248.032582509,"_step":1499}