{"_timestamp":1.7389927664733188e+09,"_runtime":2254.764760617,"_step":1499,"train_loss":0.22170743048191072,"_wandb":{"runtime":2254},"val_loss":0.3280889902796064,"epoch":1499}