{"_runtime":3242.411385211,"update_norm":0,"_step":1499,"val_loss":0.384604628596987,"current_lr":0.0001,"_wandb":{"runtime":3242},"train_loss":0.1326864201288957,"epoch":1499,"grad_norm":0.1865277153895526,"_timestamp":1.7390028537610424e+09}