{"epoch":1499,"_wandb":{"runtime":310},"_timestamp":1.7389651443300297e+09,"_runtime":310.540470679,"_step":1499,"train_loss":0.11973561289218757,"val_loss":0.366517037153244}