{"epoch":1499,"_timestamp":1.7389927726006243e+09,"_runtime":2233.205074794,"_step":1499,"_wandb":{"runtime":2233},"train_loss":0.3258190613526564,"val_loss":0.36380609444209505}