{"_timestamp":1.7389926176483934e+09,"_wandb":{"runtime":2078},"_runtime":2078.917493344,"_step":1499,"train_loss":0.4005005932771243,"val_loss":0.4439080442701067,"epoch":1499}