{"_wandb":{"runtime":2538},"_timestamp":1.7389930504471667e+09,"_runtime":2538.491514104,"_step":1499,"train_loss":0.20165395438671113,"val_loss":0.31892839074134827,"epoch":1499}