{"_timestamp":1.7389932954575179e+09,"_runtime":2783.490224307,"_step":1499,"_wandb":{"runtime":2783},"train_loss":0.10512407198548317,"val_loss":0.35506175245557514,"epoch":1499}