{"_timestamp":1.7389926324214594e+09,"_runtime":2093.060523285,"_wandb":{"runtime":2093},"_step":1499,"train_loss":0.21146881121855515,"val_loss":0.354792309658868,"epoch":1499}