{"_runtime":2316.320565584,"_wandb":{"runtime":2316},"_step":1499,"train_loss":0.26559735719974226,"val_loss":0.3634880312851497,"epoch":1499,"_timestamp":1.738992828029414e+09}