{"_wandb":{"runtime":3680},"train_loss":0.3133754588477313,"val_loss":0.34311493379729135,"epoch":1499,"_timestamp":1.7389699101837773e+09,"_runtime":3680.582746909,"_step":1499}