{"_wandb":{"runtime":2541},"_runtime":2540.978244985,"_step":1499,"train_loss":0.36209906220436094,"val_loss":0.3909702641623361,"epoch":1499,"_timestamp":1.7389930747952764e+09}