{"epoch":1499,"_timestamp":1.7389927744408906e+09,"_wandb":{"runtime":2237},"_runtime":2237.101705164,"_step":1499,"train_loss":0.38286596298217773,"val_loss":0.3997260332107544}