{"_wandb":{"runtime":465},"train_loss":0.42481332329603344,"val_loss":0.41721248626708984,"epoch":1499,"_timestamp":1.7389689312286339e+09,"_runtime":465.793384275,"_step":1499}