{"_timestamp":1.738993046790447e+09,"_runtime":2534.848458421,"_wandb":{"runtime":2534},"_step":1499,"train_loss":0.1193173211812973,"val_loss":0.5299896512712751,"epoch":1499}