{"_wandb":{"runtime":2640},"_timestamp":1.7389931521047332e+09,"_runtime":2640.162549451,"_step":1499,"train_loss":0.11345185101032257,"val_loss":0.3560887277126312,"epoch":1499}