{"_step":1499,"train_loss":0.42262473931679356,"val_loss":0.43600182448114666,"epoch":1499,"_timestamp":1.7389683579319499e+09,"_runtime":425.725770763,"_wandb":{"runtime":425}}