{"_timestamp":1.7389927535472143e+09,"_runtime":2214.182946836,"_wandb":{"runtime":2214},"_step":1499,"train_loss":0.3194995713233948,"val_loss":0.35726853779384066,"epoch":1499}