{"val_loss":0.34880022065980093,"epoch":1499,"_timestamp":1.7389933447894611e+09,"_wandb":{"runtime":2832},"_runtime":2832.847907571,"_step":1499,"train_loss":0.21034207731485366}