{"val_loss":0.3826119601726532,"epoch":1499,"_wandb":{"runtime":2553},"_timestamp":1.7389930875141459e+09,"_runtime":2553.697184342,"_step":1499,"train_loss":0.366209419965744}