{"val_loss":0.3716900944709778,"epoch":1499,"_timestamp":1.7389650696476154e+09,"_wandb":{"runtime":325},"_runtime":325.588000839,"_step":1499,"train_loss":0.1202546558701075}