{"_runtime":2773.216234268,"_wandb":{"runtime":2773},"_step":1499,"train_loss":0.19942089468240737,"val_loss":0.34973837222371784,"epoch":1499,"_timestamp":1.7389933063602762e+09}