{"_runtime":2567.483775957,"_wandb":{"runtime":2567},"_step":1499,"train_loss":0.3112686489149928,"val_loss":0.34190647091184345,"epoch":1499,"_timestamp":1.738968660456824e+09}