{"epoch":1499,"_timestamp":1.7389683936294622e+09,"_runtime":461.534525614,"_step":1499,"_wandb":{"runtime":461},"train_loss":0.4221972731443552,"val_loss":0.42330126251493183}