{"val_loss":0.36984553933143616,"epoch":1499,"_wandb":{"runtime":2128},"_timestamp":1.7389926399114048e+09,"_runtime":2128.060134421,"_step":1499,"train_loss":0.12259259991920911}