{"_runtime":2310.090066688,"_step":1499,"_wandb":{"runtime":2310},"train_loss":0.18479323267936706,"val_loss":0.3434534754071917,"epoch":1499,"_timestamp":1.738992821798658e+09}