{"train_loss":0.38301861166954043,"val_loss":0.38271417788096834,"epoch":1499,"_timestamp":1.7389927899731069e+09,"_runtime":2252.661946344,"_wandb":{"runtime":2252},"_step":1499}