{"update_norm":0,"grad_norm":0.10225619317438589,"val_loss":0.4574164663042341,"current_lr":1.0000000000000004e-08,"_step":1499,"_runtime":3601.868019056,"_wandb":{"runtime":3601},"epoch":1499,"train_loss":0.4405208252943479,"_timestamp":1.7390028386012142e+09}