{"_step":1499,"_wandb":{"runtime":2556},"train_loss":0.19578638434410095,"val_loss":0.33092245885304045,"epoch":1499,"_timestamp":1.7389930681508036e+09,"_runtime":2556.196838706}