{"_step":1499,"train_loss":0.4245509344797868,"_wandb":{"runtime":300},"val_loss":0.4207488851887839,"epoch":1499,"_timestamp":1.738968232421581e+09,"_runtime":300.242605567}