{"_step":1499,"_wandb":{"runtime":2091},"train_loss":0.4275186084783994,"val_loss":0.4174893115247999,"epoch":1499,"_timestamp":1.7389834491028855e+09,"_runtime":2091.626093113}