{"epoch":1499,"_timestamp":1.738992821589494e+09,"_runtime":2282.43853536,"_step":1499,"train_loss":0.19662792921066286,"_wandb":{"runtime":2282},"val_loss":0.34052606565611704}