{"_runtime":2613.770459711,"_step":1499,"_wandb":{"runtime":2613},"train_loss":0.4297728097438812,"val_loss":0.43795708673340933,"epoch":1499,"_timestamp":1.7389931513101435e+09}