{"train_loss":0.32108563005924223,"val_loss":0.33979923384530203,"epoch":1499,"_timestamp":1.7389930792398238e+09,"_runtime":2544.807337159,"_wandb":{"runtime":2544},"_step":1499}