{"train_loss":0.37942939937114717,"_wandb":{"runtime":2533},"val_loss":0.3727013979639326,"epoch":1499,"_timestamp":1.7389930677981482e+09,"_runtime":2533.981151876,"_step":1499}