{"_runtime":2079.137072426,"_step":1499,"train_loss":0.4012067753535051,"_wandb":{"runtime":2079},"val_loss":0.39876102975436617,"epoch":1499,"_timestamp":1.7389926178288314e+09}