{"_wandb":{"runtime":2288},"epoch":1499,"_timestamp":1.7389928276487453e+09,"_runtime":2288.249442239,"_step":1499,"train_loss":0.2645057210555443,"val_loss":0.3466524992670332}