{"_runtime":2266.637785196,"_step":1499,"train_loss":0.1243020542539083,"val_loss":0.3545537165233067,"epoch":1499,"_wandb":{"runtime":2266},"_timestamp":1.7389927783669188e+09}