{"train_loss":0.24956838213480437,"val_loss":0.33227758748190744,"epoch":1499,"_timestamp":1.7389926194665403e+09,"_runtime":2107.757536598,"_step":1499,"_wandb":{"runtime":2107}}