{"_runtime":2804.70665982,"_step":1499,"_wandb":{"runtime":2804},"train_loss":0.37593993365764616,"val_loss":0.37118220755032133,"epoch":1499,"_timestamp":1.7389933385237598e+09}