{"train_loss":0.38406463980674743,"val_loss":0.399648198059627,"epoch":1499,"_timestamp":1.738992775980451e+09,"_runtime":2238.848041237,"_step":1499,"_wandb":{"runtime":2238}}