{"_runtime":2105.801711772,"_step":1499,"train_loss":0.17243650211737707,"val_loss":0.34751987883022856,"epoch":1499,"_timestamp":1.7389834632790098e+09,"_wandb":{"runtime":2105}}