{"val_loss":0.450494830097471,"epoch":1499,"_wandb":{"runtime":3558},"_timestamp":1.7389940935891333e+09,"_runtime":3558.805657088,"_step":1499,"train_loss":0.4426628082990646}