{"epoch":1499,"_timestamp":1.7389926099430928e+09,"_runtime":2098.091765848,"_step":1499,"_wandb":{"runtime":2098},"train_loss":0.266518955047314,"val_loss":0.3210013508796692}