{"_wandb":{"runtime":3199},"val_loss":0.40212084140096394,"epoch":1499,"_timestamp":1.7389937326994543e+09,"_runtime":3199.556026044,"_step":1499,"train_loss":0.288447770178318}