{"_timestamp":1.7389928746749542e+09,"_runtime":2336.036834053,"_step":1499,"_wandb":{"runtime":2336},"train_loss":0.35836812734603885,"val_loss":0.37182714683668955,"epoch":1499}