{"_timestamp":1.7389927841749425e+09,"_runtime":2272.22339461,"_step":1499,"train_loss":0.11187285900115967,"_wandb":{"runtime":2272},"val_loss":0.3564910292625427,"epoch":1499}