{"_timestamp":1.7389933361266334e+09,"_runtime":2802.982822595,"_step":1499,"_wandb":{"runtime":2802},"train_loss":0.19150934755802154,"val_loss":0.3360546273844583,"epoch":1499}