{"val_loss":0.34510317019053866,"epoch":1499,"_timestamp":1.7389931247555246e+09,"_wandb":{"runtime":2591},"_runtime":2591.611745252,"_step":1499,"train_loss":0.2845811253786087}