{"_timestamp":1.738968906848694e+09,"_runtime":441.416150196,"_step":1499,"train_loss":0.42704714032319874,"val_loss":0.41959633571760996,"epoch":1499,"_wandb":{"runtime":441}}