{"_timestamp":1.7389516994021926e+09,"_runtime":7271.790563951,"_step":3240,"grad L2":0,"_wandb":{"runtime":7273},"train_loss":0.00475584262778284,"val_loss":0.5870045676827431,"epoch":1410}