{"val_loss":0.3894065022468567,"epoch":1499,"_timestamp":1.7389686322385032e+09,"_runtime":2591.682556003,"_step":1499,"_wandb":{"runtime":2591},"train_loss":0.33978682462126014}