{"_wandb":{"runtime":485},"_step":1499,"train_loss":0.42125505208969116,"val_loss":0.426064487014498,"epoch":1499,"_timestamp":1.738968417658207e+09,"_runtime":485.455250726}