{"epoch":1499,"_wandb":{"runtime":483},"_timestamp":1.7389684154287865e+09,"_runtime":483.213734624,"_step":1499,"train_loss":0.4229836486853086,"val_loss":0.41985885160309927}