{"_timestamp":1.738968668806621e+09,"_runtime":2628.125982711,"_wandb":{"runtime":2628},"_step":1499,"train_loss":0.34694731099531056,"val_loss":0.4003040279660906,"epoch":1499}