{"_runtime":3152.114239717,"_step":1499,"update_norm":0,"epoch":1499,"_timestamp":1.7390023886948836e+09,"val_loss":0.726218717438834,"train_loss":0.5073159222419446,"grad_norm":0.46777343867558957,"current_lr":1.0000000000000004e-08,"_wandb":{"runtime":3152}}