{"epoch":1499,"_timestamp":1.7389930931445525e+09,"_runtime":2581.19396243,"_step":1499,"_wandb":{"runtime":2581},"train_loss":0.13771529436111452,"val_loss":0.36658917580332073}