{"_runtime":2199.57156979,"_step":1499,"_wandb":{"runtime":2199},"train_loss":0.43378422810481143,"val_loss":0.43179515429905485,"epoch":1499,"_timestamp":1.7389927389065015e+09}