{"_step":1499,"train_loss":0.4002795058947343,"val_loss":0.4130040236881801,"epoch":1499,"_wandb":{"runtime":2183},"_timestamp":1.738992721916923e+09,"_runtime":2183.210673423}