{"_runtime":2076.795797314,"_step":1499,"_wandb":{"runtime":2076},"train_loss":0.4046147098908058,"val_loss":0.4355421917779105,"epoch":1499,"_timestamp":1.7389926154866598e+09}