{"val_loss":0.5380562118121556,"_step":1499,"grad_norm":0.2348184145035705,"_runtime":3218.699998507,"update_norm":0,"_wandb":{"runtime":3218},"train_loss":0.46931121211785537,"current_lr":1.0000000000000004e-08,"epoch":1499,"_timestamp":1.7390024568249314e+09}