{"train_loss":0.3186910307407379,"val_loss":0.3757095081465585,"epoch":1499,"_timestamp":1.7389937669399364e+09,"_runtime":3233.796748616,"_step":1499,"_wandb":{"runtime":3233}}