{"_wandb":{"runtime":2262},"val_loss":0.33825354065213886,"epoch":1499,"_timestamp":1.7389928023202543e+09,"_runtime":2262.959981525,"_step":1499,"train_loss":0.20172444880008697}