{"_step":1499,"_wandb":{"runtime":2145},"train_loss":0.3097922939520616,"val_loss":0.36308991057532175,"epoch":1499,"_timestamp":1.738992684603245e+09,"_runtime":2145.82244935}