{"train_loss":0.34704301678217375,"val_loss":0.35866299271583557,"_wandb":{"runtime":2124},"epoch":1499,"_timestamp":1.7389926640783865e+09,"_runtime":2124.712208753,"_step":1499}