{"train_loss":0.29340025782585144,"current_lr":1.0000000000000004e-08,"_wandb":{"runtime":3089},"_step":1499,"epoch":1499,"val_loss":0.37014906321253094,"update_norm":0,"grad_norm":0.1936582014006911,"_runtime":3089.650297294,"_timestamp":1.7390023251722212e+09}