{"val_loss":0.37269874129976543,"epoch":1499,"_timestamp":1.7389927812503386e+09,"_wandb":{"runtime":2269},"_runtime":2269.296846043,"_step":1499,"train_loss":0.11426785439252854}