{"update_norm":0,"epoch":1499,"current_lr":1.0000000000000004e-08,"_wandb":{"runtime":3546},"val_loss":0.47267280731882366,"_runtime":3546.742297757,"_step":1499,"grad_norm":0.1857209927878711,"train_loss":0.45883620931552005,"_timestamp":1.7390027818640327e+09}