{"epoch":1499,"_timestamp":1.7389650383916614e+09,"_runtime":319.539782231,"_wandb":{"runtime":319},"_step":1499,"train_loss":0.12018556205125955,"val_loss":0.3664782685892923}