{"_step":1499,"train_loss":0.3898223686218262,"_wandb":{"runtime":2613},"val_loss":0.3879118391445705,"epoch":1499,"_timestamp":1.7389931530702782e+09,"_runtime":2613.918173014}