{"epoch":1499,"_wandb":{"runtime":2585},"_timestamp":1.7389686842532604e+09,"_runtime":2585.124890072,"_step":1499,"train_loss":0.30988102827221153,"val_loss":0.3446133094174521}