{"_timestamp":1.738969874452303e+09,"_runtime":3644.849303017,"_step":1499,"_wandb":{"runtime":3644},"train_loss":0.31011632395908234,"val_loss":0.343432537146977,"epoch":1499}