{"val_loss":0.41312478269849506,"_wandb":{"runtime":2169},"epoch":1499,"_timestamp":1.7389927086487305e+09,"_runtime":2169.286456344,"_step":1499,"train_loss":0.21503018415891206}