{"val_loss":0.3627054989337921,"epoch":1499,"_wandb":{"runtime":327},"_timestamp":1.7389649352643547e+09,"_runtime":327.743692924,"_step":1499,"train_loss":0.12084098561451985}