{"grad_norm":0.12720664467301906,"update_norm":0,"_step":1499,"_wandb":{"runtime":3027},"train_loss":0.46956278956853426,"_runtime":3027.052906094,"current_lr":1.0000000000000004e-08,"val_loss":0.45729065367153715,"epoch":1499,"_timestamp":1.7390022622637618e+09}