{"_runtime":324.809959945,"_step":1499,"train_loss":0.11987676414159629,"val_loss":0.3804092620100294,"epoch":1499,"_timestamp":1.7389650377526062e+09,"_wandb":{"runtime":324}}