{"_wandb":{"runtime":2198},"train_loss":0.32459708131276643,"val_loss":0.3737122416496277,"epoch":1499,"_timestamp":1.738992738087272e+09,"_runtime":2198.673224032,"_step":1499}