{"val_loss":0.41201875465256826,"epoch":1499,"_wandb":{"runtime":2211},"_timestamp":1.7389927485161374e+09,"_runtime":2211.058104854,"_step":1499,"train_loss":0.39935407959497893}