{"epoch":1499,"_timestamp":1.7389927498745463e+09,"_runtime":2210.512034298,"_step":1499,"train_loss":0.30396144270896913,"val_loss":0.36458671944481985,"_wandb":{"runtime":2210}}