{"_runtime":2824.77758253,"_step":1499,"train_loss":0.30352405667304994,"val_loss":0.3342125969273703,"epoch":1499,"_wandb":{"runtime":2824},"_timestamp":1.7389933589220655e+09}