{"_wandb":{"runtime":3194},"update_norm":0,"val_loss":0.5347125572817666,"_timestamp":1.7390024327591188e+09,"current_lr":1.0000000000000004e-08,"train_loss":0.47652340623048633,"_runtime":3194.641739815,"_step":1499,"epoch":1499,"grad_norm":0.23879189049643057}