{"epoch":1499,"_timestamp":1.7389931901787586e+09,"_runtime":2678.236883387,"_step":1499,"_wandb":{"runtime":2678},"train_loss":0.3037331223487854,"val_loss":0.3742529920169285}