{"epoch":1499,"_timestamp":1.738992888846188e+09,"_runtime":2350.174613211,"_step":1499,"_wandb":{"runtime":2350},"train_loss":0.3030021870136261,"val_loss":0.3541924314839499}