{"epoch":1499,"_timestamp":1.738969044801215e+09,"_runtime":302.908505713,"_wandb":{"runtime":302},"_step":1499,"train_loss":0.42765013300455534,"val_loss":0.4172459159578596}