{"_runtime":326.162979141,"_step":1499,"_wandb":{"runtime":326},"train_loss":0.12111369635050113,"val_loss":0.3453368714877537,"epoch":1499,"_timestamp":1.7389650702196167e+09}