{"_wandb":{"runtime":3523},"_timestamp":1.7390027581609135e+09,"epoch":1499,"update_norm":0,"current_lr":1.0000000000000004e-08,"_runtime":3523.035947932,"val_loss":0.4617365896701813,"_step":1499,"grad_norm":0.16606410175722908,"train_loss":0.46256835414813113}