{"_runtime":2277.646861682,"_step":1499,"_wandb":{"runtime":2277},"train_loss":0.27970096468925476,"val_loss":0.32832138878958567,"epoch":1499,"_timestamp":1.7389928170036054e+09}