{"train_loss":0.22527024209499358,"val_loss":0.33268679891313824,"epoch":1499,"_timestamp":1.7389927666538794e+09,"_runtime":2254.945480024,"_step":1499,"_wandb":{"runtime":2254}}