{"_step":1499,"current_lr":0.0001,"epoch":1499,"_runtime":3409.373187071,"_wandb":{"runtime":3409},"_timestamp":1.739003020841812e+09,"train_loss":0.211627354988685,"grad_norm":0.7626057185249464,"update_norm":0,"val_loss":0.42344886490276884}